-- Adminer 4.8.1 MySQL 8.0.33-cll-lve dump

SET NAMES utf8;
SET time_zone = '+00:00';
SET foreign_key_checks = 0;
SET sql_mode = 'NO_AUTO_VALUE_ON_ZERO';

SET NAMES utf8mb4;

DROP TABLE IF EXISTS `asal_brand`;
CREATE TABLE `asal_brand` (
  `idAsalBrand` int NOT NULL AUTO_INCREMENT,
  `asalBrand` varchar(25) NOT NULL,
  `keterangan` varchar(25) NOT NULL,
  PRIMARY KEY (`idAsalBrand`)
) ENGINE=InnoDB DEFAULT CHARSET=utf8mb4 COLLATE=utf8mb4_0900_ai_ci;

INSERT INTO `asal_brand` (`idAsalBrand`, `asalBrand`, `keterangan`) VALUES
(1,	'Luar Negeri',	''),
(2,	'Lokal',	'Indonesia');

DROP TABLE IF EXISTS `ci_sessions`;
CREATE TABLE `ci_sessions` (
  `id` varchar(128) NOT NULL,
  `ip_address` varchar(45) NOT NULL,
  `timestamp` int unsigned NOT NULL DEFAULT '0',
  `data` blob NOT NULL,
  KEY `ci_sessions_timestamp` (`timestamp`)
) ENGINE=InnoDB DEFAULT CHARSET=utf8mb4 COLLATE=utf8mb4_0900_ai_ci;

INSERT INTO `ci_sessions` (`id`, `ip_address`, `timestamp`, `data`) VALUES
('a64daa24bcd19c8a79b9575d23f98108d213d47b',	'139.228.35.79',	1689006766,	'__ci_last_regenerate|i:1689006766;idUser|s:1:\"2\";level|s:1:\"2\";'),
('1ed749113cd2f2dad60bc70a54389843b3b72bb5',	'139.228.35.79',	1689005772,	'__ci_last_regenerate|i:1689005772;idUser|s:1:\"1\";level|s:1:\"1\";'),
('6f05756256fe061723aa009c6103e97226c3c1fb',	'139.228.35.79',	1689007027,	'__ci_last_regenerate|i:1689006766;idUser|s:1:\"2\";level|s:1:\"2\";'),
('39dd06ec6174050311f0fc30803189177b0026fe',	'103.106.219.253',	1689011998,	'__ci_last_regenerate|i:1689011998;idUser|s:1:\"1\";level|s:1:\"1\";'),
('a821c2c8b1ccded5a8b88e16487b4b655012ef04',	'103.106.219.253',	1689012010,	'__ci_last_regenerate|i:1689011998;idUser|s:1:\"2\";level|s:1:\"2\";'),
('1c7d8f4d19894c714b3f4f841a292bab783377bd',	'103.106.219.253',	1689040313,	'__ci_last_regenerate|i:1689040285;idUser|s:1:\"2\";level|s:1:\"2\";'),
('b57e7ee180dd1047fb0b4195ff4815319c183be0',	'103.106.219.253',	1689053508,	'__ci_last_regenerate|i:1689053508;idUser|s:1:\"1\";level|s:1:\"1\";'),
('a562538df10f8ae367af1f75d5c82ebfc90b7ba7',	'103.106.219.253',	1689060169,	'__ci_last_regenerate|i:1689060169;idUser|s:1:\"1\";level|s:1:\"1\";'),
('e5e13f7dadf329a67e9d626e5f4e7a33b0597370',	'115.85.90.229',	1689058633,	'__ci_last_regenerate|i:1689058492;'),
('be7a6d1b1a3a5d2ecad2a47000f4d8bda6f518f3',	'103.106.219.253',	1689060470,	'__ci_last_regenerate|i:1689060470;'),
('2aad87c009b9eecd325082f59b6175458568e736',	'103.106.219.253',	1689061477,	'__ci_last_regenerate|i:1689061477;idUser|s:1:\"5\";level|s:1:\"2\";'),
('dcc62a50ca86b3d843da10f832e5c7a7f801c063',	'103.106.219.253',	1689061836,	'__ci_last_regenerate|i:1689061836;idUser|s:1:\"5\";level|s:1:\"2\";'),
('9af95732f34c273f99ca46fc7346f0c182e7a69d',	'103.106.219.253',	1689062139,	'__ci_last_regenerate|i:1689062139;'),
('5fe452eba52012e62ac6daeefe5f72e159f2aa7a',	'103.106.219.253',	1689062692,	'__ci_last_regenerate|i:1689062692;idUser|s:1:\"1\";level|s:1:\"1\";notif_warning|s:24:\"Bobot Berat lebih dari 1\";__ci_vars|a:1:{s:13:\"notif_warning\";s:3:\"old\";}'),
('9db6fde5909ebeb9c08fd4f717fa5bdf8702efe1',	'110.137.102.213',	1689062995,	'__ci_last_regenerate|i:1689062995;idUser|s:1:\"2\";level|s:1:\"2\";'),
('591a1ca42ae4859c7a5039dbaec950ddc43528e4',	'110.137.102.213',	1689063947,	'__ci_last_regenerate|i:1689063947;idUser|s:1:\"2\";level|s:1:\"2\";'),
('53b4e186acb6c3d8a288d3164b50af13511be741',	'115.85.90.229',	1689064546,	'__ci_last_regenerate|i:1689064546;idUser|s:1:\"1\";level|s:1:\"1\";'),
('602438d47da2b07c81ec68c7ead041a634bbe488',	'110.137.102.213',	1689067049,	'__ci_last_regenerate|i:1689067049;idUser|s:1:\"1\";level|s:1:\"1\";'),
('d7a80eaaa8963e3ce376978eab512de16af116fc',	'115.85.90.229',	1689064546,	'__ci_last_regenerate|i:1689064546;idUser|s:1:\"1\";level|s:1:\"1\";'),
('16696f5c6f3e600dbbf4e32f90aeafc4b63d28be',	'110.137.102.213',	1689067753,	'__ci_last_regenerate|i:1689067753;idUser|s:1:\"2\";level|s:1:\"2\";'),
('ad49829812a7ea75ecc222da2ac5a6cb919810f3',	'110.137.102.213',	1689067758,	'__ci_last_regenerate|i:1689067753;idUser|s:1:\"2\";level|s:1:\"2\";'),
('ec1871f4e875b128ff206e49a3044b181a3ba5a3',	'110.137.102.213',	1689075132,	'__ci_last_regenerate|i:1689075117;idUser|s:1:\"2\";level|s:1:\"2\";'),
('8cce90266e023c840f2bc5f3a4ecb99c8eab5b87',	'110.137.102.213',	1689082917,	'__ci_last_regenerate|i:1689082917;idUser|s:1:\"2\";level|s:1:\"2\";'),
('43e9bee1b4d34265cd5788ba4bfd321f70ae2cb8',	'104.28.247.132',	1689083312,	'__ci_last_regenerate|i:1689083312;idUser|s:1:\"2\";level|s:1:\"2\";'),
('f87b76602deeea5b0f99cd748f0cb0e300c86379',	'110.137.102.213',	1689083305,	'__ci_last_regenerate|i:1689083305;idUser|s:1:\"2\";level|s:1:\"2\";'),
('b20e72083e828ccaf67b6a911c681daf47147efe',	'110.137.102.213',	1689083711,	'__ci_last_regenerate|i:1689083711;idUser|s:1:\"2\";level|s:1:\"2\";'),
('04446d1ec29cd565d618a373f1bf777f1c013724',	'104.28.247.133',	1689084810,	'__ci_last_regenerate|i:1689084810;idUser|s:1:\"2\";level|s:1:\"2\";'),
('a85f69e645781afca86761fd6b301e2a474ad52e',	'139.228.35.79',	1689083707,	'__ci_last_regenerate|i:1689083707;idUser|s:1:\"2\";level|s:1:\"2\";'),
('8af5deab8af0ad27063282dc60b79f63d767c38c',	'110.137.102.213',	1689084114,	'__ci_last_regenerate|i:1689084114;idUser|s:1:\"2\";level|s:1:\"2\";'),
('215c42d12754eae9b42d8554f218743330adf786',	'139.228.35.79',	1689084009,	'__ci_last_regenerate|i:1689084009;idUser|s:1:\"2\";level|s:1:\"2\";'),
('6daff09b0912b5c1d80a12e5cc0cd37d8fe6e6e3',	'110.137.102.213',	1689084501,	'__ci_last_regenerate|i:1689084501;idUser|s:1:\"2\";level|s:1:\"2\";'),
('b8ab2a920881a5e194220288ab4ee3c00d04cd06',	'139.228.35.79',	1689084498,	'__ci_last_regenerate|i:1689084498;idUser|s:1:\"2\";level|s:1:\"2\";'),
('822f47bdd4350f780a2adf401e446437d1f3354f',	'110.137.102.213',	1689084920,	'__ci_last_regenerate|i:1689084920;idUser|s:1:\"1\";level|s:1:\"1\";'),
('1654eaf6a2d5b50ef50813c6654ed064409ad524',	'114.5.102.204',	1689084895,	'__ci_last_regenerate|i:1689084810;idUser|s:1:\"2\";level|s:1:\"2\";'),
('00d0a450038e5ac10145d0176bcfa3849b4cd3ea',	'110.137.102.213',	1689084927,	'__ci_last_regenerate|i:1689084920;idUser|s:1:\"1\";level|s:1:\"1\";');

DROP TABLE IF EXISTS `jenis_kulit`;
CREATE TABLE `jenis_kulit` (
  `idJenisKulit` int NOT NULL AUTO_INCREMENT,
  `jenisKulit` varchar(25) NOT NULL,
  `keterangan` varchar(25) NOT NULL,
  PRIMARY KEY (`idJenisKulit`)
) ENGINE=InnoDB DEFAULT CHARSET=utf8mb4 COLLATE=utf8mb4_0900_ai_ci;

INSERT INTO `jenis_kulit` (`idJenisKulit`, `jenisKulit`, `keterangan`) VALUES
(1,	'Semua jenis kulit',	''),
(2,	'Berminyak',	''),
(3,	'Kering',	''),
(4,	'Sensitif',	''),
(5,	'Normal',	''),
(6,	'Kombinasi',	'');

DROP TABLE IF EXISTS `kriteria_bobot`;
CREATE TABLE `kriteria_bobot` (
  `id` int NOT NULL AUTO_INCREMENT,
  `user_id` int NOT NULL,
  `name` varchar(25) NOT NULL,
  `weight` double NOT NULL,
  `is_deleted` tinyint(1) DEFAULT NULL,
  PRIMARY KEY (`id`)
) ENGINE=InnoDB DEFAULT CHARSET=utf8mb4 COLLATE=utf8mb4_0900_ai_ci;

INSERT INTO `kriteria_bobot` (`id`, `user_id`, `name`, `weight`, `is_deleted`) VALUES
(29,	1,	'Price',	0.25,	NULL),
(30,	1,	'SPF',	0.1875,	NULL),
(31,	1,	'Protection Grade',	0.1875,	NULL),
(32,	1,	'Rating',	0.125,	NULL),
(33,	1,	'Berat',	0.125,	NULL),
(34,	1,	'Users Recommend',	0.0625,	NULL),
(35,	1,	'Users Repurchase',	0.0625,	NULL),
(36,	2,	'Price',	0.25,	NULL),
(37,	2,	'SPF',	0.1875,	NULL),
(38,	2,	'Protection Grade',	0.1875,	NULL),
(39,	2,	'Rating',	0.125,	NULL),
(40,	2,	'Berat',	0.125,	NULL),
(41,	2,	'Users Recommend',	0.0625,	NULL),
(42,	2,	'Users Repurchase',	0.0625,	NULL);

DROP TABLE IF EXISTS `perhitungan`;
CREATE TABLE `perhitungan` (
  `id` int NOT NULL AUTO_INCREMENT,
  `user_id` int NOT NULL,
  `sunscreen_id` int DEFAULT NULL,
  `jenis_kulit_id` int NOT NULL,
  `asal_brand_id` int NOT NULL,
  `harga` varchar(11) NOT NULL,
  `spf` varchar(11) NOT NULL,
  `protection` varchar(11) NOT NULL,
  `total_data` int NOT NULL,
  `status` int NOT NULL DEFAULT '0',
  `created_at` int NOT NULL,
  `is_deleted` tinyint(1) DEFAULT '0',
  PRIMARY KEY (`id`)
) ENGINE=InnoDB DEFAULT CHARSET=utf8mb4 COLLATE=utf8mb4_0900_ai_ci;

INSERT INTO `perhitungan` (`id`, `user_id`, `sunscreen_id`, `jenis_kulit_id`, `asal_brand_id`, `harga`, `spf`, `protection`, `total_data`, `status`, `created_at`, `is_deleted`) VALUES
(7,	2,	NULL,	2,	1,	'0,100000',	'0,50',	'PA++',	2,	0,	1689062632,	0),
(8,	2,	NULL,	2,	2,	'0,100000',	'0,50',	'PA++++',	14,	0,	1689083007,	0),
(9,	2,	NULL,	4,	1,	'100000,2000',	'0,50',	'PA++++',	8,	0,	1689084144,	0),
(10,	2,	NULL,	4,	2,	'0,100000',	'0,50',	'PA++++',	13,	0,	1689084257,	0),
(11,	2,	NULL,	3,	2,	'0,100000',	'0,50',	'PA++++',	13,	1,	1689084516,	0);

DROP TABLE IF EXISTS `sunscreen`;
CREATE TABLE `sunscreen` (
  `idSunscreen` int NOT NULL AUTO_INCREMENT,
  `namaProduk` varchar(100) NOT NULL,
  `harga` int NOT NULL,
  `spf` int NOT NULL,
  `protectionGrade` varchar(25) NOT NULL,
  `ratingProduk` float NOT NULL,
  `berat` int NOT NULL,
  `usersRecommend` int NOT NULL,
  `usersRepurchase` int NOT NULL,
  `idJenisKulit` int NOT NULL,
  `idAsalBrand` int NOT NULL,
  `namaPerusahaan` varchar(25) NOT NULL,
  `gambar` varchar(100) NOT NULL,
  PRIMARY KEY (`idSunscreen`),
  KEY `jenisKulit` (`idJenisKulit`),
  KEY `asalBrand` (`idAsalBrand`),
  CONSTRAINT `sunscreen_ibfk_1` FOREIGN KEY (`idAsalBrand`) REFERENCES `asal_brand` (`idAsalBrand`),
  CONSTRAINT `sunscreen_ibfk_2` FOREIGN KEY (`idJenisKulit`) REFERENCES `jenis_kulit` (`idJenisKulit`)
) ENGINE=InnoDB DEFAULT CHARSET=utf8mb4 COLLATE=utf8mb4_0900_ai_ci;

INSERT INTO `sunscreen` (`idSunscreen`, `namaProduk`, `harga`, `spf`, `protectionGrade`, `ratingProduk`, `berat`, `usersRecommend`, `usersRepurchase`, `idJenisKulit`, `idAsalBrand`, `namaPerusahaan`, `gambar`) VALUES
(2,	'EMINA Sun Battle SPF 30 PA+++',	32500,	30,	'PA+++',	4,	60,	86,	80,	1,	2,	'',	''),
(3,	'VOTRE PEAU Facial Sun Shield SPF 50',	206700,	50,	'PA++',	4,	30,	85,	85,	2,	1,	'',	''),
(4,	'SKIN AQUA UV Mild Milk',	66815,	25,	'PA++',	4,	40,	95,	89,	3,	1,	'',	''),
(5,	'SKIN AQUA UV Moisture Milk',	64500,	50,	'PA+++',	4,	40,	94,	91,	1,	1,	'',	''),
(6,	'SKIN AQUA UV Whitening Milk',	61100,	50,	'PA++++',	4,	40,	95,	93,	1,	1,	'',	''),
(7,	'SAFI White Expert CC Cream SPF24 PA++',	92500,	24,	'PA++',	4,	20,	91,	81,	1,	1,	'',	''),
(8,	'SHISEIDO White Lucent Day Emulsion SPF50',	1000000,	50,	'Tidak ada',	4,	50,	134,	100,	1,	1,	'',	''),
(9,	'CETAPHIL Uva/Uvb Defense Spf 50',	434976,	50,	'Tidak ada',	4,	50,	91,	78,	1,	1,	'',	''),
(10,	'KOSE Sekkisei White UV Milk',	554000,	50,	'PA++++',	4,	60,	100,	115,	2,	1,	'',	''),
(11,	'KOSE Sekkisei White UV Gel',	554000,	50,	'PA++++',	4,	80,	103,	100,	3,	1,	'',	''),
(12,	'KOSE Sekkisei White UV Emulsion',	499000,	50,	'PA++++',	4,	31,	111,	111,	1,	1,	'',	''),
(13,	'SHISEIDO Future Solution LX Universal Defense E',	1300000,	50,	'Tidak ada',	4,	50,	134,	134,	1,	1,	'',	''),
(14,	'POND\'S Bright Beauty Skin Perfecting Cream Spf30',	35000,	30,	'PA+++',	4,	20,	95,	92,	5,	1,	'',	''),
(15,	'WARDAH UV Shield Aqua Fresh Essence SPF 50',	59000,	50,	'PA++++',	4,	30,	89,	86,	1,	2,	'',	''),
(16,	'WARDAH UV Shield Active Protection Serum SPF 50',	79000,	50,	'PA++++',	4,	35,	89,	87,	1,	2,	'',	''),
(17,	'KLAVUU UV Protection Fresh Sun Gel SPF 50+ PA++++',	299000,	50,	'PA++++',	4,	50,	99,	95,	1,	1,	'',	''),
(18,	'WARDAH UV Shield Essential Sunscreen Gel SPF 30',	37500,	30,	'PA+++',	4,	40,	93,	92,	3,	2,	'',	''),
(19,	'GARNIER Super UV Spot-proof Sunscreen SPF 50+ PA+++ Matte Finish',	75000,	50,	'PA+++',	4,	30,	96,	95,	1,	1,	'',	''),
(20,	'GARNIER Super UV Spot-proof Sunscreen SPF 50+ PA+++ Natural Finish',	89000,	50,	'PA+++',	4,	30,	96,	95,	1,	1,	'',	''),
(21,	'POND\'S Protecting Day Cream Sunscreen Skin Protect SPF 30',	33800,	30,	'PA+++',	4,	20,	88,	84,	1,	1,	'',	''),
(22,	'VASELINE Daily Sun Cream',	129000,	50,	'PA++++',	4,	50,	93,	91,	1,	1,	'',	''),
(23,	'EMINA Sun Battle SPF 45 PA+++',	53000,	45,	'PA+++',	4,	30,	88,	86,	1,	2,	'',	''),
(24,	'SKIN AQUA Skin Aqua Tone Up',	84680,	50,	'PA++++',	4,	40,	95,	93,	1,	1,	'',	''),
(25,	'LOREAL PARIS UV Defender Serum Protector Matte & Fresh SPF50+ / PA++++',	169000,	50,	'PA++++',	4,	50,	95,	93,	2,	1,	'',	''),
(26,	'LOREAL PARIS UV Defender Serum Protector Bright & Clear SPF50+ / PA++++',	169000,	50,	'PA++++',	4,	50,	98,	96,	2,	1,	'',	''),
(27,	'BIORE Biore UV Face Sunscreen Aqua Rich Light Up Essence SPF 50+ PA++++',	159200,	70,	'PA++++',	4,	70,	77,	77,	3,	1,	'',	''),
(28,	'BREYLEE UV Sunscreen SPF 50+ - Krim Pelindung Wajah',	120000,	50,	'PA+++',	4,	40,	80,	77,	1,	1,	'',	''),
(29,	'BLP BEAUTY Multipurpose Tinted Sunscreen SPF50/PA++++ 30gr',	189000,	50,	'PA++++',	4,	30,	95,	92,	1,	2,	'',	''),
(30,	'BENTON Mineral Sun Stick',	370000,	50,	'PA++++',	4,	15,	90,	100,	4,	1,	'',	''),
(31,	'ANESSA Perfect UV Sunscreen Mild Milk',	494000,	50,	'PA++++',	4,	60,	96,	94,	4,	1,	'',	''),
(32,	'NPURE Cica Beat The Sun Powder',	132090,	30,	'Tidak ada',	4,	5,	94,	96,	2,	2,	'',	''),
(33,	'SKIN THEORY Antioxidant Suncream',	139000,	50,	'PA+++',	4,	30,	97,	94,	1,	2,	'',	''),
(34,	'DERMAEXPRESS Sunscreen Protection Cream',	90000,	30,	'Tidak ada',	4,	10,	100,	100,	1,	2,	'',	''),
(35,	'SAE\'KIN Better Than Sunscreen',	199000,	50,	'PA++++',	4,	20,	99,	100,	4,	1,	'',	''),
(36,	'EMINA Skin Buddy Sun Protection SPF 30 PA+++',	38000,	30,	'PA+++',	4,	60,	90,	84,	1,	2,	'',	''),
(37,	'ABIB Quick Sunstick Protection Bar',	400000,	22,	'PA++++',	4,	22,	100,	110,	1,	1,	'',	''),
(38,	'SKIN AQUA Skin Aqua Tone Up UV Essence Mint Green',	73500,	50,	'PA++++',	4,	40,	90,	87,	6,	1,	'',	''),
(39,	'JOYLAB I Love Sun-Day SPF 50 PA+++',	165000,	50,	'PA+++',	3,	50,	67,	17,	2,	2,	'',	''),
(40,	'JACQUELLE Blur Effect UV Protector : Hybrid Sunscreen SPF 50 5',	158000,	50,	'PA++++',	4,	40,	99,	97,	1,	2,	'',	''),
(41,	'STUDIO TROPIK SPF 50+ PA++ (Mint) - Skin Pretty Filter',	61050,	50,	'PA++',	4,	15,	104,	100,	1,	2,	'',	''),
(42,	'STUDIO TROPIK SPF 50+ PA++ (Peach) - Skin Pretty Filter',	61050,	50,	'PA++',	4,	15,	113,	113,	1,	2,	'',	''),
(43,	'FACE REPUBLIC Purity Sun Essence',	166900,	50,	'PA++++',	4,	50,	112,	100,	4,	1,	'',	''),
(44,	'SKIN GAME Cloud Sunscreen',	150000,	50,	'PA+++',	4,	15,	81,	81,	1,	2,	'',	''),
(45,	'TRUEVE True Barrier Aqua Sunscreen Gel 30G SPF 50++++',	124700,	50,	'PA++++',	4,	30,	98,	98,	2,	2,	'',	''),
(46,	'FOR SKINS SAKE Velvet Sunscreen SPF 50 PA ++++',	80000,	50,	'PA++++',	4,	10,	103,	100,	2,	2,	'',	''),
(47,	'LOREAL PARIS UV Defender Serum Protector Invisible Fluid Sunscreen SPF50+ PA++++',	169000,	50,	'PA++++',	4,	50,	89,	89,	2,	1,	'',	''),
(48,	'JARTE BEAUTY Block It Out Sunscreen',	160000,	50,	'PA++++',	4,	50,	97,	93,	1,	2,	'',	''),
(49,	'AVOSKIN YSB Shield of Sun Essence SPF 50 PA++++',	187600,	50,	'PA++++',	4,	30,	93,	88,	1,	2,	'',	''),
(50,	'FOR SKINS SAKE Weightless Sunscreen SPF 50 PA ++++ [New Formula]',	195000,	50,	'PA++++',	4,	50,	97,	91,	3,	2,	'',	''),
(51,	'DEAR ME BEAUTY Skin Barrier Sunscreen Gel',	99000,	50,	'PA++++',	4,	35,	99,	98,	1,	2,	'',	''),
(52,	'TRUE TO SKIN Sunfriends Soothing Sunscreen Gel SPF 50 PA ++++',	79000,	50,	'PA++++',	4,	30,	100,	98,	1,	2,	'',	''),
(53,	'WESTCARE Invisible UV Protector SPF 45 PA +++',	165000,	45,	'PA+++',	4,	30,	150,	150,	1,	2,	'',	''),
(54,	'IMPLORA Implora Perfect Shield Sunscreen SPF-40 PA ++++',	36000,	40,	'PA++++',	4,	50,	102,	99,	1,	2,	'',	''),
(55,	'BREYLEE Orange Blossom Sunscreen',	120000,	50,	'PA+++',	5,	40,	200,	200,	1,	1,	'',	''),
(56,	'WHITELAB Whitelab UV Shield Tank Sunscreen Gel SPF 50++ PA++++',	88500,	50,	'PA++++',	4,	30,	96,	96,	3,	2,	'',	''),
(57,	'COSRX Vitamin E Vitalizing Sunscreen',	350000,	50,	'Tidak ada',	0,	50,	0,	0,	4,	1,	'',	''),
(58,	'BENTON Air Fit UV Defense Sun Cream',	310000,	50,	'PA++++',	5,	50,	0,	0,	1,	1,	'',	''),
(59,	'D\'ALBA Waterfull Essence Sun Cream',	480000,	50,	'PA++++',	5,	50,	0,	0,	1,	1,	'',	''),
(60,	'SCARLETT WHITENING Scarlett Whitening Sunscreen Sun Bright Daily SPF 50 PA+++',	82500,	50,	'PA+++',	4,	50,	200,	200,	1,	2,	'',	''),
(61,	'BEAUTY OF JOSEON Sunscreen : Rice + Probiotics',	250000,	50,	'PA++++',	4,	50,	100,	96,	3,	1,	'',	''),
(62,	'YOU BEAUTY Sunbrella Intensive Care Watery Sunscreen',	99000,	50,	'PA++++',	5,	30,	100,	100,	4,	2,	'',	''),
(63,	'ELSHESKIN Daily Protection Gel For Acne Skin',	87000,	30,	'Tidak ada',	4,	15,	88,	82,	2,	2,	'',	''),
(64,	'NIVEA Sun Face Protection Serum Spf 50+ Pa +++ - Oil Control',	70200,	50,	'PA+++',	4,	30,	95,	93,	2,	1,	'',	''),
(65,	'BANANA BOAT Ultra Protect Ultramist SPF50',	254000,	50,	'PA++++',	4,	170,	99,	98,	1,	1,	'',	''),
(66,	'BANANA BOAT Sport Ultra SPF30 Sunscreen Lotion 90ml',	159000,	30,	'PA++++',	4,	90,	95,	94,	1,	1,	'',	''),
(67,	'BANANA BOAT Ultra Protect Faces Sunscreen Lotion SPF 50 - 60ml',	151000,	50,	'PA++++',	4,	60,	83,	83,	1,	1,	'',	''),
(68,	'BIORE Biore UV Aqua Rich Watery Essence SPF 50+/PA+++',	122800,	50,	'PA+++',	4,	50,	95,	92,	2,	1,	'',	''),
(69,	'COSRX Aloe Soothing Sun Cream SPF 50+ PA+++',	199900,	50,	'PA+++',	4,	50,	96,	95,	4,	1,	'',	''),
(70,	'BIORE UV Aqua Rich Watery Gel Sunscreen Skin Care SPF 50 PA++++',	136500,	50,	'PA++++',	4,	70,	90,	90,	3,	1,	'',	''),
(71,	'NEUTROGENA Ultra Sheer Dry -Touch Sunscreen SPF 50+',	210500,	50,	'PA+++',	4,	88,	81,	82,	3,	1,	'',	''),
(72,	'BANANA BOAT Sun Comfort Lotion SPF 50',	193000,	50,	'PA+++',	4,	90,	94,	90,	1,	1,	'',	''),
(73,	'SHISEIDO GSC The Perfect Protector for Asia/Japan',	730000,	50,	'PA++++',	4,	50,	125,	125,	1,	1,	'',	''),
(74,	'SHISEIDO GSC Perfect UV Protector S',	620000,	50,	'PA++++',	4,	50,	100,	100,	4,	1,	'',	''),
(75,	'SKIN1004 Madagascar Centella Air-Fit Suncream Plus (Renewal)',	510000,	50,	'PA++++',	4,	50,	55,	56,	1,	1,	'',	''),
(76,	'POND\'S Flawless Bright Brightening Day Cream Spf18',	31950,	18,	'PA++',	4,	10,	97,	91,	1,	1,	'',	''),
(77,	'ROSE ALL DAY Don\'t Forget Sunscreen',	190000,	50,	'PA++++',	4,	50,	94,	88,	1,	2,	'',	''),
(78,	'ANESSA Moisture UV Sunscreen Mild Gel',	403000,	35,	'PA+++',	4,	90,	81,	79,	4,	1,	'',	''),
(79,	'NPURE Cica Beat The Sun SPF 50 PA ++++',	165390,	50,	'PA++++',	4,	35,	98,	98,	2,	2,	'',	''),
(80,	'MAKE P:REM UV Defense Me. Daily Sun Fluid SPF 50+ PA++++',	399000,	50,	'PA++++',	4,	150,	85,	86,	1,	1,	'',	''),
(81,	'MAKE P:REM UV Defense Me. Calming Sun Cream SPF 50+ PA++++',	250000,	50,	'PA++++',	4,	50,	88,	84,	4,	1,	'',	''),
(82,	'DEW IT Dew It In The Morning Face Sun Stick',	249000,	50,	'PA++++',	4,	24,	87,	86,	1,	2,	'',	''),
(83,	'DEW IT Dew It On The Go - Sunscreen Mist',	269000,	50,	'Tidak ada',	4,	150,	97,	94,	1,	2,	'',	''),
(84,	'DEAR ME BEAUTY Dear Me Beauty X KFC Primer Sunstick SPF 50+ PA++++',	139000,	50,	'PA++++',	4,	18,	91,	88,	1,	2,	'',	''),
(85,	'WARDAH UV Shield Light Matte Sun Stick',	99900,	50,	'PA++++',	4,	22,	87,	89,	1,	2,	'',	''),
(86,	'BASE Ultra Soothe Natural Sunscreen SPF 50 PA+++',	169000,	50,	'PA+++',	4,	45,	87,	78,	4,	2,	'',	''),
(87,	'NIVEA SUN Face Triple Protect Hokkaido Rose Sunscreen SPF50+++ 40mL',	100800,	50,	'PA+++',	4,	40,	98,	97,	1,	1,	'',	''),
(88,	'ANESSA New Perfect Uv Sunscreen Skincare Milk',	494000,	50,	'PA++++',	4,	60,	98,	96,	3,	1,	'',	''),
(89,	'ANESSA New Perfect UV Sunscreen Skincare Gel',	403000,	50,	'PA++++',	4,	90,	100,	99,	1,	1,	'',	''),
(90,	'ANESSA New Perfect Uv Sunscreen Skincare Spray 60gr',	302000,	50,	'PA++++',	4,	60,	91,	88,	2,	1,	'',	''),
(91,	'ANESSA Day Serum',	543000,	50,	'PA++++',	4,	30,	108,	100,	2,	1,	'',	''),
(92,	'ANESSA New Brightening Uv Sunscreen Gel',	403000,	50,	'PA++++',	4,	90,	94,	91,	3,	1,	'',	''),
(93,	'AZARINE Hydrasoothe Sunscreen Mist',	65000,	50,	'PA++++',	4,	60,	91,	92,	1,	2,	'',	''),
(94,	'AZARINE Tone Up Mineral Sunscreen Serum',	75000,	50,	'PA++++',	4,	27,	95,	94,	1,	2,	'',	''),
(95,	'BARENBLISS barenbliss My UV Armor SPF 50 PA++++',	89000,	50,	'PA++++',	4,	30,	95,	93,	1,	2,	'',	''),
(96,	'MAKE P:REM UV defense me. Daily sun essence',	299000,	50,	'PA++++',	4,	50,	100,	100,	1,	1,	'',	''),
(97,	'SKINTIFIC All Day Light Sunscreen Mist SPF 50 PA++++',	109890,	50,	'PA++++',	4,	120,	96,	95,	1,	2,	'',	''),
(98,	'BANANA BOAT Sport Ultra SPF50+ Sunscreen Lotion',	254000,	50,	'PA++++',	4,	90,	104,	104,	1,	1,	'',	''),
(99,	'NIVEA NIVEA Luminous 630 Spotclear Sun Protect SPF50 PA+++ 40mL',	230000,	50,	'PA+++',	4,	40,	120,	120,	1,	1,	'',	''),
(100,	'DEAR KLAIRS All-day Airy Sunscreen',	308000,	50,	'PA++++',	4,	50,	99,	99,	1,	1,	'',	''),
(101,	'AVOSKIN The Great Shield Sun-Essence SPF 50 PA++++',	187600,	50,	'PA++++',	4,	30,	98,	92,	4,	2,	'',	''),
(102,	'INNISFREE Hyaluronic Moist Sunscreen SPF50+ PA++++ 50ml',	295000,	50,	'PA++++',	4,	50,	200,	150,	2,	1,	'',	''),
(103,	'LANEIGE Radian-C Sun Cream SPF 50+ PA++++',	430000,	50,	'PA++++',	4,	50,	86,	86,	1,	1,	'',	''),
(104,	'BIORE UV Fresh & Bright SPF 50/PA+++ Oil Control Matte',	36900,	50,	'PA+++',	4,	30,	97,	93,	2,	1,	'',	''),
(105,	'BIORE UV Fresh & Bright SPF 50/PA+++ Instant Cover',	36900,	50,	'PA+++',	4,	30,	86,	89,	5,	1,	'',	''),
(106,	'SKIN1004 Madagascar Centella Air-Fit Suncream Light 50ml',	380000,	30,	'PA++++',	4,	50,	97,	94,	1,	1,	'',	''),
(107,	'BANANA BOAT Simply Protect Aqua Sensitive Suncreen Lotion SPF50+ 50ml',	177000,	50,	'PA++++',	4,	50,	100,	88,	4,	1,	'',	''),
(108,	'MORIGANIC UV Watery Sun Cream',	99000,	50,	'PA++++',	4,	40,	104,	104,	1,	2,	'',	''),
(109,	'JARKEEN UV Tinted Booster',	130000,	30,	'Tidak ada',	5,	15,	200,	200,	1,	2,	'',	''),
(110,	'THE YEON Vita Fresh Gel Sunscreen',	270000,	50,	'PA+++',	5,	50,	150,	150,	4,	1,	'',	''),
(111,	'JOYLAB Aqua Sun-Day SPF50+ PA++++',	180000,	50,	'PA++++',	4,	50,	117,	117,	1,	2,	'',	''),
(112,	'FOCALLURE SOFT SUN CREAM',	69000,	50,	'PA+++',	4,	30,	150,	150,	1,	1,	'',	''),
(113,	'FACE REPUBLIC Full Bloom Sun Tint',	166900,	50,	'PA++++',	5,	50,	0,	0,	1,	1,	'',	''),
(114,	'ROVECTIN Skin Essentials Aqua Soothing UV Protector SPF50+ PA++++',	340000,	50,	'PA++++',	4,	50,	117,	117,	1,	1,	'',	''),
(115,	'ROVECTIN Skin Essentials Double Tone-Up UV Protector SPF50+ PA++++',	340000,	50,	'PA++++',	4,	50,	134,	134,	1,	1,	'',	''),
(116,	'EVERSINCE Sunny Side Up Sunscreen Lotion',	159000,	50,	'PA+++',	4,	50,	100,	100,	1,	1,	'',	''),
(117,	'INNISFREE Jeju Cherry Blossom Skin Fit Tone Up Cream SPF 50+ PA++++ 50ml',	335000,	50,	'PA++++',	4,	50,	117,	117,	3,	1,	'',	''),
(118,	'MISSHA All Around Safe Block Cotton Sun 50ml SPF50+ 5',	429000,	50,	'PA++++',	4,	50,	200,	100,	1,	1,	'',	''),
(119,	'NAMA BEAUTY Sunshield Ultra-Light Tone Up Face Protection PAH31 SPF43 PA+++',	169000,	43,	'PA+++',	4,	35,	150,	150,	1,	2,	'',	''),
(120,	'SAFI Sun Essential Comfort Touch Sunscreen SPF 50+ PA++',	176500,	50,	'PA++',	4,	30,	150,	150,	4,	1,	'',	''),
(121,	'SULWHASOO Men UV Defense Protector',	916667,	50,	'PA++++',	5,	50,	0,	0,	1,	1,	'',	''),
(122,	'I\'M FROM Rice Sunscreen',	490000,	50,	'PA++++',	4,	50,	100,	100,	3,	1,	'',	''),
(123,	'NACIFIC Sun Essence',	330000,	50,	'PA++++',	5,	50,	0,	0,	6,	1,	'',	''),
(124,	'ETUDE Soon Jung Director\'s Mineral Filter Sun Cream',	375000,	50,	'PA++++',	5,	50,	0,	0,	4,	1,	'',	''),
(125,	'ETUDE Soon Jung Director\'s Moisture Sun Cream',	375000,	50,	'PA++++',	5,	50,	0,	0,	1,	1,	'',	''),
(126,	'MISSHA ALL AROUND SAFE BLOCK AQUA SUN',	429000,	50,	'PA++++',	0,	50,	0,	0,	3,	1,	'',	''),
(127,	'OASEA LABORATORIES Protective Tinted Mineral Matte Sunscreen',	229000,	50,	'PA++++',	4,	30,	150,	150,	2,	1,	'',	''),
(128,	'OASEA LABORATORIES Protective Tinted Mineral Glow Sunscreen',	229000,	50,	'PA++++',	0,	30,	0,	0,	3,	1,	'',	''),
(129,	'ELSHESKIN Daily Protection Gel',	93000,	15,	'Tidak ada',	4,	15,	88,	83,	2,	1,	'',	''),
(130,	'ELSHESKIN Daily Protection For Acne Skin',	87000,	15,	'Tidak ada',	4,	15,	88,	85,	2,	1,	'',	''),
(131,	'CETAPHIL Daily Facial Moisturizer Lotion Spf15 118 ml',	299633,	15,	'PA++',	4,	118,	84,	75,	1,	1,	'',	''),
(132,	'NIVEA Sun Face Protection Serum Spf 50+ Pa +++ - Instant Aura',	70200,	50,	'PA+++',	4,	30,	96,	94,	1,	1,	'',	''),
(133,	'BIODERMA Photoderm Max Spray SPF 50 + 200ml',	470000,	50,	'Tidak ada',	4,	200,	78,	80,	4,	1,	'',	''),
(134,	'BIODERMA Photoderm Max SPF-100',	335000,	100,	'Tidak ada',	4,	40,	84,	79,	1,	1,	'',	''),
(135,	'BIODERMA Photoderm AKN Mat SPF-30',	335000,	30,	'Tidak ada',	4,	40,	97,	93,	6,	1,	'',	''),
(136,	'ELSHESKIN Protection Day Cream',	93000,	30,	'Tidak ada',	4,	15,	90,	83,	5,	2,	'',	''),
(137,	'ELSHESKIN Daily Protection For Oily Skin',	93000,	30,	'Tidak ada',	4,	15,	84,	80,	2,	2,	'',	''),
(138,	'ELSHESKIN Soothing Daily Protection',	92000,	30,	'Tidak ada',	4,	15,	96,	91,	4,	2,	'',	''),
(139,	'ELSHESKIN Day Rejuvenation',	87000,	30,	'Tidak ada',	4,	15,	100,	96,	5,	2,	'',	''),
(140,	'MISSHA All Around Safe Block Daily Sun SPF50+/PA++++',	355000,	50,	'PA++++',	4,	50,	74,	73,	1,	1,	'',	''),
(141,	'JOYLAB Brighter Sun Day SPF 50 PA++',	165000,	50,	'PA++',	4,	50,	75,	75,	1,	2,	'',	''),
(142,	'BANILA CO. Hello Sunny Essence Sun Stick Fresh SPF50+ PA++++',	370000,	50,	'PA++++',	4,	19,	111,	111,	6,	1,	'',	''),
(143,	'BANILA CO. Hello Sunny Essence Sun Stick Glow SPF50+ PA++++',	370000,	50,	'PA++++',	4,	19,	150,	150,	1,	1,	'',	''),
(144,	'BANILA CO. Banila Co Hello Sunny Hydrating Sun Essence SPF50+ PA++++',	370000,	50,	'PA++++',	4,	50,	120,	120,	4,	1,	'',	''),
(145,	'SHISEIDO GSC Perfect UV Protector H',	730000,	50,	'PA++++',	5,	50,	0,	0,	1,	1,	'',	''),
(146,	'A\'PIEU Pure Block Water Proof Sun Cream Spf50+ PA+++',	161000,	50,	'PA+++',	4,	50,	95,	89,	1,	1,	'',	''),
(147,	'AVOSKIN The Great Shield Sunscreen',	165400,	50,	'PA++++',	4,	30,	86,	83,	4,	2,	'',	''),
(148,	'VASELINE Tone Up Sun Cream',	139000,	40,	'PA+++',	4,	50,	100,	95,	1,	1,	'',	''),
(149,	'VASELINE Protect Sun Stick',	149000,	50,	'PA++++',	4,	15,	87,	79,	3,	1,	'',	''),
(150,	'IMMEME Oil Cut Sun Base',	210000,	50,	'PA++++',	4,	40,	100,	100,	2,	1,	'',	''),
(151,	'YOU BEAUTY YOU Tone Up UV Elixir SPF 50+ PA++++',	80000,	50,	'PA++++',	4,	40,	92,	88,	2,	2,	'',	''),
(152,	'MISSHA All Around Aqua Sun Gel SPF50+/PA++++',	429000,	50,	'PA++++',	4,	50,	97,	97,	3,	1,	'',	''),
(153,	'BREYLEE UV Sunscreen SPF 50+ - Krim Pelindung Wajah',	120000,	50,	'PA+++',	4,	40,	80,	77,	1,	1,	'',	''),
(154,	'BLP BEAUTY Multipurpose Tinted Sunscreen SPF50/PA++++ 5gr',	59000,	50,	'PA++++',	4,	5,	91,	84,	1,	2,	'',	''),
(155,	'SK-II Atmosphere Airy Light UV Emulsion',	1225000,	30,	'PA+++',	4,	30,	96,	96,	1,	1,	'',	''),
(156,	'LAGOM Cellus Sun Gel',	330000,	50,	'PA+++',	4,	50,	86,	86,	1,	1,	'',	''),
(157,	'BENTON Papaya S-Sun Cream',	330000,	50,	'PA++++',	4,	50,	58,	67,	1,	1,	'',	''),
(158,	'BANANA BOAT Simply Protect Aqua Long Wearing Moisture Sunscreen Lotion SPF50+',	168000,	50,	'PA++++',	4,	50,	96,	97,	3,	1,	'',	''),
(159,	'BANILA CO. Hello Sunny Essence Sun Stick Aqua SPF50+ PA++++',	370000,	50,	'PA++++',	4,	19,	125,	125,	3,	1,	'',	''),
(160,	'OLAY Krim Pencerah - Natural White Light UV Protection',	19900,	50,	'Tidak ada',	4,	20,	98,	92,	3,	1,	'',	''),
(161,	'LACOCO Daily UV Counter SPF 50 PA ++++',	170000,	50,	'PA++++',	4,	20,	93,	90,	1,	1,	'',	''),
(162,	'BANILA CO. Hello Sunny Water Essence Sun Spray SPF50+ PA++++',	370000,	50,	'PA++++',	5,	150,	150,	150,	1,	1,	'',	''),
(163,	'BIORE UV Athlizm Skin Protection Essence Sport Sunscreen SPF 50 PA++++',	206200,	50,	'PA++++',	4,	70,	95,	96,	3,	1,	'',	''),
(164,	'A\'PIEU Pure Block Daily Sun Cream Spf 45, PA+++',	165000,	45,	'PA+++',	4,	50,	97,	88,	5,	1,	'',	''),
(165,	'ESSENHERB Tea Tree Green Sun Essence',	225000,	50,	'PA++++',	4,	50,	93,	93,	1,	1,	'',	''),
(166,	'CARASUN Carasun Solar Smart UV Protector SPF 45 PA++++ Sunscreen',	159000,	45,	'PA++++',	4,	70,	94,	93,	1,	2,	'',	''),
(167,	'AZARINE Hydrashoothe Sunscreen Gel Spf45+++',	65000,	45,	'PA++++',	4,	50,	98,	98,	1,	1,	'',	''),
(168,	'SHISEIDO GSC Clear Suncare Stick SPF50+',	550000,	50,	'Tidak ada',	5,	20,	0,	0,	1,	1,	'',	''),
(169,	'SHISEIDO SMNN Clear Stick UV Protector',	550000,	50,	'PA++++',	5,	20,	0,	0,	1,	1,	'',	''),
(170,	'AZARINE Hydramax-C Sunscreen Serum',	65000,	50,	'PA++++',	4,	40,	98,	96,	1,	2,	'',	''),
(171,	'NIVEA Sun Face Serum C&E SPF50 PA+++',	60600,	50,	'PA+++',	4,	30,	96,	93,	3,	1,	'',	''),
(172,	'SKINTIFIC 5X Ceramide Serum Sunscreen',	128800,	50,	'PA++++',	4,	30,	99,	98,	4,	2,	'',	''),
(173,	'SKINTIFIC Ultra Light Serum Sunscreen',	128800,	50,	'PA++++',	4,	25,	98,	97,	2,	2,	'',	''),
(174,	'D\'ALBA Waterfull Tone-Up Sun Cream',	480000,	50,	'PA++++',	4,	50,	120,	120,	1,	1,	'',	''),
(175,	'THE AUBREE Artemisia Daily Sunscreen SPF 50 PA ++++',	109000,	50,	'PA++++',	4,	30,	102,	99,	2,	2,	'',	''),
(176,	'THE AUBREE Sunscreen SPF 50 PA +++',	109000,	50,	'PA+++',	4,	30,	90,	83,	4,	2,	'',	''),
(177,	'TRUEVE True Barrier Mineral Sunscreen 30G SPF 50+++',	171300,	50,	'PA++++',	4,	30,	80,	87,	4,	2,	'',	''),
(178,	'ABIB Tone Up Sunstick Silky Bar',	340000,	50,	'PA++++',	5,	20,	200,	200,	1,	1,	'',	'');

DROP TABLE IF EXISTS `user`;
CREATE TABLE `user` (
  `idUser` int NOT NULL AUTO_INCREMENT,
  `namaLengkap` varchar(100) NOT NULL,
  `username` varchar(100) NOT NULL,
  `password` varchar(100) NOT NULL,
  `email` varchar(100) NOT NULL,
  `jenisKelamin` varchar(100) NOT NULL,
  `level` int NOT NULL COMMENT '1:admin, 2:user',
  PRIMARY KEY (`idUser`)
) ENGINE=InnoDB DEFAULT CHARSET=utf8mb4 COLLATE=utf8mb4_0900_ai_ci;

INSERT INTO `user` (`idUser`, `namaLengkap`, `username`, `password`, `email`, `jenisKelamin`, `level`) VALUES
(1,	'Greta Septy Purwiantono',	'admin',	'd033e22ae348aeb5660fc2140aec35850c4da997',	'admin@gmail.com',	'Perempuan',	1),
(2,	'Putri Melati',	'pengguna',	'e2c80c2062bbb24aa828f9d5f874fb8122d5145e',	'user@gmail.com',	'Perempuan',	2),
(5,	'Yanti',	'purwiyanti',	'c8afc190d5ed871539e2f13708c98ec87c491322',	'yanti@gmail.com',	'Perempuan',	2),
(11,	'Febry Eka',	'febryeka',	'511437603463242b9769b0d227e51673fc3b8192',	'febry@gmail.com',	'Laki-laki',	2),
(12,	'Palkipus',	'palkipus',	'dc9910b599a30071055bf73050fa49a28322caa1',	'palkipus@gmail.com',	'Laki-laki',	2);

-- 2023-07-11 14:22:01
